user_query,category,agristack
माझ्या शेतासाठी ठिबक सिंचन अनुदान मंजुरीची आताची स्थिती काय आहे?,Scheme,Yes
माझ्या गावासाठी संबंधित कृषी सहाय्यक कार्यालयाचा पत्ता आणि नकाशा पाठवू शकाल का?,Agri Assistant Contact,No
माझ्या गावासाठी जवळची सरकारी मृदा परीक्षण प्रयोगशाळा नमुना जमा करण्यासाठी कुठे आहे?,Soil Labs,No
माझ्या जमिनीपासून २० किमी आत जवळचे नोंदणीकृत गोदाम कुठे आहे?,Warehouse,Yes
महाडीबीटीमध्ये माझ्या अनुदानाची अंदाजे खात्यात जमा तारीख आता काय आहे?,MahaDBT,Yes
माझ्या गावाजवळील शासकीय मृदा परीक्षण प्रयोगशाळेचा फोन नंबर आणि पत्ता द्या.,Soil Labs,Yes
माझ्या ठिबक सिंचन अनुदानाच्या महाडीबीटी अर्जाची स्थिती आणि पुढची पायरी काय?,MahaDBT,No
KVK मध्ये माझ्या धान्य साठवण सल्ल्यासाठी स्लॉट आज उपलब्ध आहे का?,KVK,No
माझ्या शेतातील कांद्यासाठी पुढील ७ दिवसांचे सिंचन वेळापत्रक काय ठेवावे?,Advisory,Yes
माझ्या गावातील CHC समन्वयकाचा संपर्क क्रमांक मला आत्ता पाठवाल का?,CHC,Yes
माझ्या शेताच्या ठिकाणाचा गेल्या पाच वर्षांचा मासिक पावसाचा सारांश मिळेल का?,Weather Historical,No
शासकीय कृषी योजनांसाठी मदत मिळवायला जिल्हा कृषी कार्यालयाचा संपर्क क्रमांक कोणता?,Scheme,No
माझ्या शेतासाठी पुढील ७ दिवसांचा पावसाचा अंदाज फोनवर कळवू शकता का?,Agri Assistant Contact,Yes
माझ्या गावच्या CHC मधून उद्या सकाळी ट्रॅक्टर उपलब्ध करून मिळेल का?,CHC,No
माझ्या नावाने नोंद असलेल्या गोदामात आज कापूस साठवण जागा उपलब्ध आहे का?,Warehouse,Yes
माझ्या शेतासाठी पुढील 7 दिवस दररोज पावसाचा अंदाज किती आहे?,Weather Forecast,No
माझ्या नोंदणीकृत गोदामात उद्यापासून 30 क्विंटल तुरीसाठी जागा मिळेल का?,Warehouse,No
आज माझ्या कांद्याला जवळच्या बाजारात प्रति क्विंटल दर किती आहे?,Mandi,No
KVK मध्ये माझ्या धान्य साठवण सल्ल्यासाठी भेट आज मिळू शकेल का?,KVK,No
माझ्या शेतासाठी पावसाचे एसएमएस अलर्ट सुरू करण्याची प्रक्रिया काय आहे?,Weather Forecast,No
माझ्या महाडीबीटी अर्जासाठी तालुका नोडल अधिकाऱ्याचा संपर्क क्रमांक कुठे मिळेल?,MahaDBT,No
माझ्या गावातील गोदामात पुढील ७ दिवस जागा उपलब्धतेचा अंदाज काय?,Warehouse,Yes
माझ्या शेतावर पाहणीसाठी नियुक्त कृषी सहाय्यक आज येणार आहेत का?,Agri Assistant Contact,Yes
माझ्या शेतातील माती ओलावा आणि पिकाच्या अवस्थेनुसार आज किती पाणी द्यावे?,Advisory,Yes
माझ्या शेतात मागील 15 दिवसांत एकूण किती मिमी पाऊस पडला?,Weather Historical,Yes
